DATE,vwretd,vwretx
20091201,0.014012,0.013961
20091202,0.002348,0.002242
20091203,-0.008822,-0.008847
20091204,0.005367,0.005353
20091207,-0.001580,-0.001610
20091208,-0.010584,-0.010693
20091209,0.003535,0.003407
20091210,0.005289,0.005218
20091211,0.003175,0.002976
20091214,0.008469,0.008388
20091215,-0.004616,-0.004640
20091216,0.003299,0.003257
20091217,-0.012546,-0.012602
20091218,0.006089,0.006017
20091221,0.009738,0.009706
20091222,0.004604,0.004464
20091223,0.004716,0.004474
20091224,0.005244,0.005128
20091228,0.000982,0.000886
20091229,-0.000931,-0.001166
20091230,-0.000669,-0.000750
20091231,-0.008661,-0.008697
20100104,0.017122,0.017045
20100105,0.003368,0.003362
20100106,0.002053,0.001769
20100107,0.002858,0.002821
20100108,0.004162,0.004161
20100111,0.001123,0.001122
20100112,-0.010994,-0.011004
20100113,0.008641,0.008537
20100114,0.002316,0.002293
20100115,-0.011322,-0.011348
20100119,0.012051,0.012048
20100120,-0.011064,-0.011172
20100121,-0.017741,-0.017764
20100122,-0.020989,-0.021030
20100125,0.003894,0.003884
20100126,-0.004905,-0.004917
20100127,0.004156,0.004051
20100128,-0.011294,-0.011402
20100129,-0.010282,-0.010306
20100201,0.015094,0.015068
20100202,0.012231,0.012222
20100203,-0.004969,-0.005246
20100204,-0.031965,-0.032011
20100205,0.002660,0.002650
20100208,-0.008231,-0.008449
20100209,0.013889,0.013855
20100210,-0.001472,-0.001749
20100211,0.012097,0.011989
20100212,-0.000657,-0.000794
20100216,0.017970,0.017863
20100217,0.004663,0.004487
20100218,0.006188,0.006111
20100219,0.002455,0.002338
20100222,-0.001112,-0.001151
20100223,-0.013064,-0.013075
20100224,0.008521,0.008372
20100225,-0.000715,-0.000912
20100226,0.001847,0.001811
20100301,0.011977,0.011937
20100302,0.004410,0.004404
20100303,0.001603,0.001471
20100304,0.003092,0.003048
20100305,0.014482,0.014447
20100308,0.000731,0.000588
20100309,0.001684,0.001623
20100310,0.005055,0.004928
20100311,0.003975,0.003634
20100312,0.000743,0.000730
20100315,-0.000679,-0.000710
20100316,0.008741,0.008725
20100317,0.005598,0.005576
20100318,-0.002027,-0.002045
20100319,-0.006887,-0.006924
20100322,0.005856,0.005827
20100323,0.007669,0.007585
20100324,-0.006609,-0.006634
20100325,-0.002438,-0.002496
20100326,0.000649,0.000641
20100329,0.006782,0.006588
20100330,0.000452,0.000338
20100331,-0.002771,-0.002807
20100401,0.008648,0.008532
20100405,0.009542,0.009517
20100406,0.002103,0.002100
20100407,-0.005359,-0.005646
20100408,0.002843,0.002807
20100409,0.006696,0.006690
20100412,0.001783,0.001767
20100413,0.000736,0.000627
20100414,0.012326,0.012284
20100415,0.000094,0.000088
20100416,-0.016103,-0.016104
20100419,0.002262,0.002254
20100420,0.009802,0.009756
20100421,-0.000547,-0.000569
20100422,0.003584,0.003547
20100423,0.007442,0.007441
20100426,-0.003208,-0.003213
20100427,-0.023841,-0.023846
20100428,0.005235,0.005032
20100429,0.013625,0.013527
20100430,-0.016833,-0.016849
20100503,0.012866,0.012828
20100504,-0.025353,-0.025360
20100505,-0.009196,-0.009473
20100506,-0.032556,-0.032677
20100507,-0.015840,-0.015846
20100510,0.044910,0.044855
20100511,-0.000933,-0.001075
20100512,0.016248,0.015898
20100513,-0.010845,-0.010900
20100514,-0.019390,-0.019413
20100517,-0.000561,-0.000693
20100518,-0.013642,-0.013783
20100519,-0.007144,-0.007248
20100520,-0.040363,-0.040424
20100521,0.015282,0.015251
20100524,-0.012036,-0.012127
20100525,-0.000157,-0.000171
20100526,-0.002872,-0.003079
20100527,0.035103,0.034837
20100528,-0.011748,-0.011826
20100601,-0.018509,-0.018572
20100602,0.026570,0.026430
20100603,0.004791,0.004753
20100604,-0.035864,-0.035893
20100607,-0.014004,-0.014047
20100608,0.009220,0.009100
20100609,-0.003830,-0.003890
20100610,0.029505,0.029489
20100611,0.006187,0.005837
20100614,0.000012,-0.000023
20100615,0.023856,0.023823
20100616,-0.001213,-0.001240
20100617,0.000906,0.000808
20100618,0.001706,0.001659
20100621,-0.004319,-0.004353
20100622,-0.016136,-0.016232
20100623,-0.002926,-0.003042
20100624,-0.016254,-0.016297
20100625,0.006053,0.006027
20100628,-0.003126,-0.003338
20100629,-0.032880,-0.032917
20100630,-0.008947,-0.009028
20100701,-0.003938,-0.004084
20100702,-0.004748,-0.004793
20100706,0.003312,0.003311
20100707,0.030888,0.030562
20100708,0.009566,0.009511
20100709,0.008904,0.008901
20100712,-0.001340,-0.001362
20100713,0.017190,0.017092
20100714,-0.000639,-0.000660
20100715,0.000420,0.000416
20100716,-0.028533,-0.028552
20100719,0.005001,0.004984
20100720,0.012632,0.012254
20100721,-0.012847,-0.012956
20100722,0.023564,0.023494
20100723,0.009628,0.009620
20100726,0.011612,0.011607
20100727,-0.002524,-0.002525
20100728,-0.007464,-0.007599
20100729,-0.002606,-0.002763
20100730,0.001518,0.001502
20100802,0.020552,0.020518
20100803,-0.005142,-0.005175
20100804,0.007464,0.007183
20100805,-0.002495,-0.002560
20100806,-0.003548,-0.003636
20100809,0.005841,0.005824
20100810,-0.007992,-0.008042
20100811,-0.029210,-0.029621
20100812,-0.004671,-0.004790
20100813,-0.003872,-0.003919
20100816,0.001449,0.001405
20100817,0.013890,0.013676
20100818,0.002325,0.002197
20100819,-0.016710,-0.016726
20100820,-0.003311,-0.003353
20100823,-0.004851,-0.004884
20100824,-0.014438,-0.014449
20100825,0.004574,0.004492
20100826,-0.006647,-0.006664
20100827,0.018447,0.018235
20100830,-0.014216,-0.014379
20100831,0.000123,0.000089
20100901,0.029097,0.028981
20100902,0.009535,0.009465
20100903,0.012975,0.012948
20100907,-0.011861,-0.011922
20100908,0.006326,0.006128
20100909,0.003756,0.003607
20100910,0.004488,0.004467
20100913,0.012858,0.012505
20100914,-0.000108,-0.000130
20100915,0.002957,0.002923
20100916,-0.000756,-0.000864
20100917,0.001134,0.001085
20100920,0.015169,0.015146
20100921,-0.003108,-0.003132
20100922,-0.005024,-0.005124
20100923,-0.008107,-0.008131
20100924,0.021185,0.021129
20100927,-0.004459,-0.004466
20100928,0.005784,0.005585
20100929,-0.001079,-0.001170
20100930,-0.001992,-0.002038
20101001,0.004940,0.004827
20101004,-0.008290,-0.008637
20101005,0.020557,0.020554
20101006,-0.000339,-0.000674
20101007,-0.002128,-0.002144
20101008,0.007610,0.007606
20101011,0.000551,0.000551
20101012,0.003650,0.003647
20101013,0.008787,0.008649
20101014,-0.003666,-0.003674
20101015,0.000692,0.000690
20101018,0.006291,0.006271
20101019,-0.017204,-0.017208
20101020,0.011262,0.011147
20101021,0.000273,0.000234
20101022,0.002649,0.002608
20101025,0.003706,0.003699
20101026,-0.000424,-0.000425
20101027,-0.003315,-0.003479
20101028,0.001141,0.001030
20101029,0.001651,0.001632
20101101,0.000146,0.000120
20101102,0.009039,0.009015
20101103,0.003450,0.003294
20101104,0.019921,0.019768
20101105,0.004016,0.003970
20101108,-0.000913,-0.001020
20101109,-0.008473,-0.008729
20101110,0.005429,0.005222
20101111,-0.003622,-0.003622
20101112,-0.013380,-0.013454
20101115,-0.001327,-0.001376
20101116,-0.016845,-0.017057
20101117,0.001617,0.001485
20101118,0.015554,0.015525
20101119,0.003741,0.003616
20101122,-0.000282,-0.000330
20101123,-0.014127,-0.014164
20101124,0.015672,0.015637
20101126,-0.006879,-0.007055
20101129,-0.000912,-0.001140
20101130,-0.005781,-0.005818
20101201,0.020822,0.020667
20101202,0.012222,0.012198
20101203,0.003947,0.003850
20101206,0.000020,-0.000027
20101207,0.000188,0.000150
20101208,0.001551,0.001318
20101209,0.003569,0.003495
20101210,0.006429,0.006403
20101213,0.000199,-0.000065
20101214,0.000287,0.000244
20101215,-0.005248,-0.005296
20101216,0.005851,0.005697
20101217,0.001558,0.001482
20101220,0.001822,0.001796
20101221,0.007182,0.006978
20101222,0.003143,0.002931
20101223,-0.001189,-0.001292
20101227,0.000674,0.000629
20101228,0.000794,0.000733
20101229,0.002732,0.002491
20101230,-0.000806,-0.000837
20101231,-0.000238,-0.000270
20110103,0.011210,0.011179
20110104,-0.003892,-0.003936
20110105,0.005377,0.005294
20110106,-0.002525,-0.002767
20110107,-0.001951,-0.001953
20110110,-0.000719,-0.000720
20110111,0.005026,0.005020
20110112,0.009025,0.008914
20110113,-0.001890,-0.001894
20110114,0.006641,0.006617
20110118,0.002163,0.002144
20110119,-0.012235,-0.012328
20110120,-0.003819,-0.003825
20110121,0.001273,0.001255
20110124,0.006287,0.006247
20110125,-0.000439,-0.000458
20110126,0.007329,0.007298
20110127,0.002118,0.002014
20110128,-0.017223,-0.017279
20110131,0.007617,0.007614
20110201,0.017010,0.016978
20110202,-0.002223,-0.002371
20110203,0.002934,0.002788
20110204,0.002164,0.002144
20110207,0.006126,0.006112
20110208,0.004566,0.004360
20110209,-0.003436,-0.003556
20110210,0.001327,0.001267
20110211,0.006111,0.005948
20110214,0.003393,0.003261
20110215,-0.003186,-0.003278
20110216,0.007520,0.007359
20110217,0.003951,0.003851
20110218,0.001230,0.001212
20110222,-0.021042,-0.021053
20110223,-0.006547,-0.006587
20110224,-0.000137,-0.000311
20110225,0.012923,0.012726
20110228,0.005337,0.005291
20110301,-0.014895,-0.014929
20110302,0.002836,0.002691
20110303,0.016081,0.016032
20110304,-0.005898,-0.005912
20110307,-0.009395,-0.009422
20110308,0.008077,0.007931
20110309,-0.002436,-0.002587
20110310,-0.019781,-0.019790
20110311,0.006944,0.006638
20110314,-0.005473,-0.005512
20110315,-0.011147,-0.011172
20110316,-0.016636,-0.016686
20110317,0.012219,0.012191
20110318,0.004858,0.004813
20110321,0.016437,0.016420
20110322,-0.003237,-0.003329
20110323,0.002864,0.002847
20110324,0.008545,0.008491
20110325,0.003132,0.003098
20110328,-0.003327,-0.003330
20110329,0.007150,0.006910
20110330,0.008229,0.008144
20110331,-0.000607,-0.000609
20110401,0.005456,0.005359
20110404,0.001150,0.001068
20110405,0.001334,0.001324
20110406,0.001742,0.001475
20110407,-0.002262,-0.002308
20110408,-0.003387,-0.003391
20110411,-0.004719,-0.004738
20110412,-0.009239,-0.009252
20110413,0.001297,0.001175
20110414,0.000540,0.000528
20110415,0.003966,0.003956
20110418,-0.011620,-0.011629
20110419,0.005718,0.005687
20110420,0.014281,0.014259
20110421,0.005870,0.005816
20110425,-0.001859,-0.001865
20110426,0.008156,0.008146
20110427,0.006154,0.005969
20110428,0.002939,0.002853
20110429,0.003124,0.003104
20110502,-0.003564,-0.003616
20110503,-0.006630,-0.006645
20110504,-0.007962,-0.008142
20110505,-0.009449,-0.009523
20110506,0.004603,0.004510
20110509,0.006145,0.006134
20110510,0.008473,0.008446
20110511,-0.012235,-0.012698
20110512,0.004045,0.003939
20110513,-0.008904,-0.008948
20110516,-0.006951,-0.006999
20110517,-0.000640,-0.000826
20110518,0.010741,0.010595
20110519,0.002343,0.002280
20110520,-0.006786,-0.006835
20110523,-0.012995,-0.013014
20110524,-0.000395,-0.000403
20110525,0.005074,0.005020
20110526,0.005327,0.005148
20110527,0.005113,0.004898
20110531,0.010291,0.010272
20110601,-0.023080,-0.023206
20110602,-0.000636,-0.000676
20110603,-0.009284,-0.009320
20110606,-0.012444,-0.012478
20110607,0.000285,0.000247
20110608,-0.005965,-0.006137
20110609,0.007448,0.007438
20110610,-0.014085,-0.014098
20110613,-0.000900,-0.001253
20110614,0.013861,0.013810
20110615,-0.017295,-0.017353
20110616,-0.000108,-0.000230
20110617,0.002167,0.002110
20110620,0.005343,0.005328
20110621,0.015891,0.015780
20110622,-0.005472,-0.005625
20110623,-0.002589,-0.002608
20110624,-0.010565,-0.010608
20110627,0.008073,0.008070
20110628,0.013694,0.013437
20110629,0.008730,0.008632
20110630,0.009709,0.009671
20110701,0.013472,0.013324
20110705,-0.000024,-0.000062
20110706,0.001150,0.000904
20110707,0.010625,0.010568
20110708,-0.006335,-0.006338
20110711,-0.019343,-0.019360
20110712,-0.003807,-0.003816
20110713,0.004995,0.004887
20110714,-0.008045,-0.008061
20110715,0.006174,0.006171
20110718,-0.009476,-0.009504
20110719,0.016161,0.016155
20110720,0.000056,-0.000043
20110721,0.012261,0.012208
20110722,0.001434,0.001378
20110725,-0.006277,-0.006284
20110726,-0.004547,-0.004551
20110727,-0.021650,-0.021734
20110728,-0.002932,-0.003046
20110729,-0.005614,-0.005657
20110801,-0.003592,-0.003621
20110802,-0.025663,-0.025674
20110803,0.004959,0.004647
20110804,-0.050370,-0.050415
20110805,-0.004785,-0.004807
20110808,-0.068697,-0.068801
20110809,0.051232,0.051197
20110810,-0.038581,-0.038918
20110811,0.045272,0.045064
20110812,0.004763,0.004743
20110815,0.022837,0.022738
20110816,-0.010892,-0.011036
20110817,0.000851,0.000646
20110818,-0.045328,-0.045367
20110819,-0.015365,-0.015407
20110822,0.000037,-0.000001
20110823,0.033747,0.033735
20110824,0.011569,0.011449
20110825,-0.015915,-0.015934
20110826,0.016443,0.016346
20110829,0.029629,0.029519
20110830,0.003756,0.003565
20110831,0.005094,0.005000
20110901,-0.012128,-0.012223
20110902,-0.024637,-0.024672
20110906,-0.008140,-0.008178
20110907,0.029153,0.028966
20110908,-0.010878,-0.010919
20110909,-0.026589,-0.026601
20110912,0.004146,0.004094
20110913,0.010809,0.010444
20110914,0.012790,0.012756
20110915,0.015479,0.015346
20110916,0.003571,0.003494
20110919,-0.010938,-0.010948
20110920,-0.004099,-0.004130
20110921,-0.029438,-0.029498
20110922,-0.034406,-0.034418
20110923,0.005752,0.005624
20110926,0.021600,0.021553
20110927,0.012852,0.012843
20110928,-0.023685,-0.023993
20110929,0.008231,0.008174
20110930,-0.024638,-0.024676
20111003,-0.031945,-0.032054
20111004,0.023628,0.023536
20111005,0.019659,0.019316
20111006,0.020563,0.020488
20111007,-0.010928,-0.010950
20111010,0.034276,0.034276
20111011,0.001059,0.001035
20111012,0.011809,0.011659
20111013,-0.002951,-0.003022
20111014,0.017740,0.017736
20111017,-0.020853,-0.020879
20111018,0.020797,0.020796
20111019,-0.014165,-0.014280
20111020,0.003886,0.003859
20111021,0.019270,0.019249
20111024,0.016757,0.016703
20111025,-0.019826,-0.019828
20111026,0.011509,0.011496
20111027,0.036224,0.036095
20111028,0.000244,0.000177
20111031,-0.024640,-0.024651
20111101,-0.028618,-0.028655
20111102,0.017078,0.016954
20111103,0.019203,0.019019
20111104,-0.005563,-0.005586
20111107,0.004916,0.004860
20111108,0.011220,0.010781
20111109,-0.037862,-0.037957
20111110,0.007426,0.007265
20111111,0.019777,0.019777
20111114,-0.009374,-0.009500
20111115,0.004535,0.004358
20111116,-0.015099,-0.015304
20111117,-0.017210,-0.017233
20111118,-0.000291,-0.000357
20111121,-0.018659,-0.018759
20111122,-0.003935,-0.004178
20111123,-0.023250,-0.023278
20111125,-0.003631,-0.003743
20111128,0.030533,0.030394
20111129,0.002267,0.001995
20111130,0.043908,0.043786
20111201,-0.002279,-0.002337
20111202,0.000094,0.000062
20111205,0.010293,0.010258
20111206,0.000391,0.000370
20111207,0.001910,0.001647
20111208,-0.022871,-0.022960
20111209,0.017740,0.017730
20111212,-0.015548,-0.015590
20111213,-0.011237,-0.011503
20111214,-0.012740,-0.012840
20111215,0.003747,0.003639
20111216,0.004960,0.004857
20111219,-0.012654,-0.012677
20111220,0.030043,0.029831
20111221,0.002026,0.001873
20111222,0.008910,0.008685
20111223,0.007866,0.007794
20111227,0.000021,-0.000045
20111228,-0.013646,-0.013933
20111229,0.010779,0.010714
20111230,-0.002583,-0.002617
20120103,0.016162,0.016098
20120104,-0.000445,-0.000587
20120105,0.002930,0.002926
20120106,-0.002906,-0.003155
20120109,0.002817,0.002797
20120110,0.010421,0.010412
20120111,0.000949,0.000848
20120112,0.003046,0.003016
20120113,-0.005321,-0.005325
20120117,0.003904,0.003897
20120118,0.012307,0.012193
20120119,0.005580,0.005555
20120120,0.000884,0.000862
20120123,0.001606,0.001594
20120124,-0.000805,-0.000866
20120125,0.009960,0.009943
20120126,-0.004911,-0.004946
20120127,0.000689,0.000567
20120130,-0.003723,-0.003787
20120131,-0.000072,-0.000079
20120201,0.011180,0.010987
20120202,0.001838,0.001769
20120203,0.014673,0.014527
20120206,-0.000971,-0.000989
20120207,0.001397,0.001377
20120208,0.002191,0.001947
20120209,0.001004,0.000977
20120210,-0.008389,-0.008410
20120213,0.007444,0.007232
20120214,-0.001547,-0.001720
20120215,-0.004226,-0.004495
20120216,0.012469,0.012347
20120217,0.001391,0.001318
20120221,0.000155,0.000134
20120222,-0.003131,-0.003184
20120223,0.005703,0.005576
20120224,0.001495,0.001409
20120227,0.000817,0.000734
20120228,0.002909,0.002770
20120229,-0.005677,-0.005793
20120301,0.006810,0.006713
20120302,-0.004929,-0.004977
20120305,-0.004550,-0.004616
20120306,-0.017387,-0.017416
20120307,0.007946,0.007707
20120308,0.010867,0.010714
20120309,0.004498,0.004497
20120312,-0.001368,-0.001424
20120313,0.017613,0.017265
20120314,-0.003914,-0.003956
20120315,0.006515,0.006472
20120316,0.001331,0.001247
20120319,0.004004,0.003987
20120320,-0.004515,-0.004530
20120321,-0.001124,-0.001168
20120322,-0.008104,-0.008160
20120323,0.004474,0.004458
20120326,0.013965,0.013901
20120327,-0.003661,-0.003748
20120328,-0.005516,-0.005790
20120329,-0.001895,-0.001927
20120330,0.003353,0.003293
20120402,0.008060,0.007950
20120403,-0.004445,-0.004612
20120404,-0.011817,-0.011841
20120405,-0.000804,-0.001056
20120409,-0.011373,-0.011397
20120410,-0.018021,-0.018037
20120411,0.008514,0.008380
20120412,0.015087,0.015051
20120413,-0.012396,-0.012410
20120416,-0.000582,-0.000592
20120417,0.014959,0.014954
20120418,-0.004031,-0.004043
20120419,-0.004662,-0.004712
20120420,0.001632,0.001614
20120423,-0.009538,-0.009595
20120424,0.003250,0.003245
20120425,0.013830,0.013734
20120426,0.006808,0.006690
20120427,0.003895,0.003835
20120430,-0.004308,-0.004333
20120501,0.004877,0.004846
20120502,-0.002037,-0.002171
20120503,-0.009949,-0.010093
20120504,-0.015676,-0.015740
20120507,0.000557,0.000517
20120508,-0.005354,-0.005466
20120509,-0.006020,-0.006304
20120510,0.002875,0.002671
20120511,-0.002780,-0.002944
20120514,-0.012169,-0.012252
20120515,-0.006033,-0.006171
20120516,-0.004932,-0.005164
20120517,-0.015855,-0.015954
20120518,-0.008144,-0.008156
20120521,0.017760,0.017734
20120522,-0.000468,-0.000535
20120523,0.002795,0.002734
20120524,0.001005,0.000894
20120525,-0.001540,-0.001556
20120529,0.011229,0.011093
20120530,-0.015495,-0.015740
20120531,-0.001966,-0.002053
20120601,-0.024528,-0.024646
20120604,-0.001001,-0.001030
20120605,0.007853,0.007822
20120606,0.022704,0.022497
20120607,-0.001375,-0.001442
20120608,0.007132,0.007113
20120611,-0.013963,-0.014003
20120612,0.011674,0.011651
20120613,-0.006941,-0.007345
20120614,0.009505,0.009477
20120615,0.010115,0.010036
20120618,0.002204,0.002176
20120619,0.011625,0.011556
20120620,-0.001470,-0.001538
20120621,-0.023467,-0.023680
20120622,0.007254,0.007245
20120625,-0.015439,-0.015550
20120626,0.004864,0.004822
20120627,0.009029,0.008735
20120628,-0.002127,-0.002174
20120629,0.025627,0.025468
20120702,0.003874,0.003740
20120703,0.008948,0.008788
20120705,-0.004128,-0.004139
20120706,-0.009962,-0.010198
20120709,-0.002194,-0.002207
20120710,-0.008816,-0.008827
20120711,-0.000300,-0.000417
20120712,-0.004886,-0.004918
20120713,0.015267,0.015246
20120716,-0.002466,-0.002467
20120717,0.006718,0.006714
20120718,0.006249,0.006144
20120719,0.002821,0.002745
20120720,-0.009917,-0.009942
20120723,-0.010146,-0.010167
20120724,-0.009420,-0.009468
20120725,0.000713,0.000690
20120726,0.015512,0.015489
20120727,0.018922,0.018805
20120730,-0.000796,-0.000859
20120731,-0.004974,-0.004983
20120801,-0.004479,-0.004651
20120802,-0.007298,-0.007402
20120803,0.019237,0.019099
20120806,0.003518,0.003495
20120807,0.006356,0.006330
20120808,0.000186,-0.000098
20120809,0.001633,0.001330
20120810,0.001880,0.001847
20120813,-0.001902,-0.002102
20120814,-0.000008,-0.000137
20120815,0.002746,0.002480
20120816,0.007902,0.007845
20120817,0.002644,0.002622
20120820,-0.000602,-0.000642
20120821,-0.002329,-0.002374
20120822,-0.000109,-0.000175
20120823,-0.007333,-0.007357
20120824,0.005505,0.005370
20120827,-0.000552,-0.000573
20120828,0.000251,0.000208
20120829,0.001009,0.000749
20120830,-0.007796,-0.007947
20120831,0.005877,0.005859
20120904,0.000684,0.000578
20120905,-0.000603,-0.000794
20120906,0.019472,0.019335
20120907,0.005654,0.005611
20120910,-0.005682,-0.005725
20120911,0.003428,0.003411
20120912,0.002644,0.002320
20120913,0.015290,0.015189
20120914,0.006147,0.006134
20120917,-0.004548,-0.004585
20120918,-0.001781,-0.001816
20120919,0.001315,0.001262
20120920,-0.001934,-0.002056
20120921,0.000448,0.000373
20120924,-0.003076,-0.003200
20120925,-0.010804,-0.010905
20120926,-0.005514,-0.005762
20120927,0.010045,0.009955
20120928,-0.004501,-0.004540
20121001,0.002811,0.002714
20121002,0.001180,0.001139
20121003,0.002523,0.002365
20121004,0.007672,0.007660
20121005,-0.000143,-0.000369
20121008,-0.003576,-0.003576
20121009,-0.009782,-0.009808
20121010,-0.005554,-0.005617
20121011,0.001748,0.001582
20121012,-0.003497,-0.003530
20121015,0.007245,0.007235
20121016,0.009938,0.009936
20121017,0.005081,0.004999
20121018,-0.002693,-0.002777
20121019,-0.015642,-0.015658
20121022,0.000196,0.000167
20121023,-0.012926,-0.013004
20121024,-0.002621,-0.002628
20121025,0.003299,0.003282
20121026,-0.001381,-0.001387
20121031,0.002489,0.002193
20121101,0.011192,0.011083
20121102,-0.009752,-0.009806
20121105,0.002246,0.002070
20121106,0.007874,0.007721
20121107,-0.021073,-0.021716
20121108,-0.011569,-0.011607
20121109,0.000940,0.000896
20121112,-0.000222,-0.000222
20121113,-0.004152,-0.004437
20121114,-0.014695,-0.014986
20121115,-0.002943,-0.003109
20121116,0.006199,0.006112
20121119,0.019190,0.019064
20121120,0.000992,0.000903
20121121,0.003119,0.003091
20121123,0.012722,0.012627
20121126,-0.001650,-0.001696
20121127,-0.004432,-0.004517
20121128,0.007492,0.007194
20121129,0.005428,0.004982
20121130,0.000261,0.000252
20121203,-0.004222,-0.004299
20121204,-0.001277,-0.001370
20121205,0.001760,0.001405
20121206,0.002841,0.002338
20121207,0.002531,0.002466
20121210,0.001533,0.001425
20121211,0.006154,0.006132
20121212,0.000253,-0.000098
20121213,-0.005874,-0.006200
20121214,-0.003106,-0.003198
20121217,0.010182,0.010154
20121218,0.011114,0.010829
20121219,-0.004647,-0.004834
20121220,0.004888,0.004655
20121221,-0.008496,-0.008645
20121224,-0.002205,-0.002397
20121226,-0.004965,-0.005065
20121227,-0.000677,-0.000921
20121228,-0.009283,-0.009401
20121231,0.016434,0.016429
20130102,0.025006,0.024842
20130103,-0.001906,-0.001908
20130104,0.005628,0.005627
20130107,-0.002555,-0.002557
20130108,-0.002216,-0.002437
20130109,0.003403,0.003391
20130110,0.006804,0.006796
20130111,0.000247,0.000151
20130114,-0.000349,-0.000352
20130115,0.001962,0.001944
20130116,-0.000731,-0.000814
20130117,0.005930,0.005914
20130118,0.002937,0.002923
20130122,0.005188,0.005112
20130123,0.000282,0.000259
20130124,0.000647,0.000620
20130125,0.005249,0.005246
20130128,-0.001321,-0.001345
20130129,0.003623,0.003514
20130130,-0.003873,-0.004102
20130131,-0.000788,-0.000842
20130201,0.009287,0.009218
20130204,-0.011041,-0.011070
20130205,0.009266,0.009131
20130206,0.001306,0.001179
20130207,-0.002113,-0.002408
20130208,0.005393,0.005385
20130211,-0.001001,-0.001048
20130212,0.002186,0.002139
20130213,0.001389,0.001025
20130214,0.000845,0.000718
20130215,-0.002003,-0.002090
20130219,0.006943,0.006799
20130220,-0.013321,-0.013366
20130221,-0.007039,-0.007206
20130222,0.008683,0.008589
20130225,-0.017153,-0.017170
20130226,0.005662,0.005536
20130227,0.012273,0.012074
20130228,-0.000637,-0.000698
20130301,0.001769,0.001716
20130304,0.003659,0.003644
20130305,0.009193,0.009154
20130306,0.001672,0.001470
20130307,0.002328,0.002234
20130308,0.004898,0.004815
20130311,0.002694,0.002627
20130312,-0.001935,-0.001993
20130313,0.000792,0.000436
20130314,0.005952,0.005911
20130315,-0.001522,-0.001578
20130318,-0.005326,-0.005376
20130319,-0.002904,-0.002945
20130320,0.007242,0.007229
20130321,-0.007563,-0.007588
20130322,0.005845,0.005807
20130325,-0.003079,-0.003125
20130326,0.007293,0.006966
20130327,-0.000121,-0.000209
20130328,0.004040,0.003996
20130401,-0.005375,-0.005473
20130402,0.002714,0.002707
20130403,-0.011857,-0.011986
20130404,0.003816,0.003771
20130405,-0.003521,-0.003530
20130408,0.006634,0.006419
20130409,0.003710,0.003688
20130410,0.011619,0.011567
20130411,0.003197,0.003110
20130412,-0.003771,-0.003803
20130415,-0.025582,-0.025589
20130416,0.014669,0.014666
20130417,-0.014675,-0.014714
20130418,-0.005714,-0.005741
20130419,0.009362,0.009325
20130422,0.004275,0.004259
20130423,0.010147,0.010104
20130424,0.002184,0.002094
20130425,0.004948,0.004887
20130426,-0.002473,-0.002567
20130429,0.007371,0.007319
20130430,0.004088,0.004076
20130501,-0.010620,-0.010774
20130502,0.009487,0.009376
20130503,0.010387,0.010293
20130506,0.002554,0.002475
20130507,0.005139,0.005086
20130508,0.005018,0.004635
20130509,-0.003687,-0.004007
20130510,0.004661,0.004622
20130513,-0.000631,-0.000742
20130514,0.009348,0.009179
20130515,0.003951,0.003735
20130516,-0.004598,-0.004648
20130517,0.009400,0.009377
20130520,0.000624,0.000596
20130521,0.001611,0.001567
20130522,-0.009643,-0.009740
20130523,-0.002435,-0.002530
20130524,-0.001021,-0.001087
20130528,0.006295,0.006278
20130529,-0.006972,-0.007135
20130530,0.004204,0.004041
20130531,-0.013569,-0.013597
20130603,0.004655,0.004554
20130604,-0.005564,-0.005593
20130605,-0.013407,-0.013609
20130606,0.008981,0.008869
20130607,0.011377,0.011350
20130610,0.000191,0.000125
20130611,-0.010882,-0.010910
20130612,-0.008128,-0.008486
20130613,0.015053,0.014942
20130614,-0.005377,-0.005392
20130617,0.007181,0.007172
20130618,0.007361,0.007321
20130619,-0.013412,-0.013432
20130620,-0.025753,-0.025855
20130621,0.001448,0.001360
20130624,-0.012324,-0.012423
20130625,0.010332,0.010244
20130626,0.008924,0.008623
20130627,0.008116,0.007912
20130628,-0.002799,-0.002845
20130701,0.006726,0.006623
20130702,-0.001399,-0.001570
20130703,0.000415,0.000405
20130705,0.009024,0.008987
20130708,0.005169,0.004970
20130709,0.007721,0.007698
20130710,0.000647,0.000574
20130711,0.014627,0.014485
20130712,0.002477,0.002470
20130715,0.002322,0.002309
20130716,-0.003777,-0.003781
20130717,0.002995,0.002917
20130718,0.005452,0.005378
20130719,0.001479,0.001452
20130722,0.002799,0.002778
20130723,-0.001169,-0.001208
20130724,-0.004917,-0.004932
20130725,0.003966,0.003932
20130726,0.000144,0.000136
20130729,-0.003740,-0.003858
20130730,0.000411,0.000350
20130731,0.000197,0.000064
20130801,0.012253,0.012112
20130802,0.001334,0.001301
20130805,-0.000732,-0.000847
20130806,-0.006572,-0.006604
20130807,-0.004528,-0.004814
20130808,0.005442,0.005249
20130809,-0.001919,-0.002041
20130812,-0.000142,-0.000170
20130813,0.001508,0.001302
20130814,-0.004087,-0.004251
20130815,-0.012965,-0.013096
20130816,-0.002934,-0.002988
20130819,-0.007098,-0.007142
20130820,0.005674,0.005625
20130821,-0.006161,-0.006223
20130822,0.009122,0.009100
20130823,0.004365,0.004267
20130826,-0.002843,-0.002865
20130827,-0.016305,-0.016311
20130828,0.002621,0.002440
20130829,0.003213,0.003095
20130830,-0.004824,-0.004899
20130903,0.004523,0.004459
20130904,0.007605,0.007439
20130905,0.001822,0.001776
20130906,0.001049,0.000944
20130909,0.010849,0.010805
20130910,0.007208,0.007193
20130911,0.002748,0.002582
20130912,-0.004005,-0.004259
20130913,0.002666,0.002653
20130916,0.005144,0.005133
20130917,0.004983,0.004965
20130918,0.012547,0.012516
20130919,-0.001142,-0.001263
20130920,-0.007308,-0.007386
20130923,-0.004157,-0.004223
20130924,-0.001218,-0.001343
20130925,-0.001672,-0.001720
20130926,0.003961,0.003726
20130927,-0.003603,-0.003698
20130930,-0.004868,-0.004902
20131001,0.008714,0.008617
20131002,-0.000694,-0.000831
20131003,-0.008623,-0.008629
20131004,0.006732,0.006704
20131007,-0.008477,-0.008481
20131008,-0.013083,-0.013281
20131009,-0.000457,-0.000538
20131010,0.020987,0.020844
20131011,0.006890,0.006879
20131014,0.004084,0.004084
20131015,-0.006833,-0.006848
20131016,0.012782,0.012704
20131017,0.007756,0.007720
20131018,0.006937,0.006918
20131021,0.000152,0.000137
20131022,0.005533,0.005487
20131023,-0.005300,-0.005317
20131024,0.004040,0.004026
20131025,0.003136,0.003134
20131028,0.000363,0.000353
20131029,0.004434,0.004314
20131030,-0.005655,-0.005749
20131031,-0.003530,-0.003628
20131101,0.001407,0.001353
20131104,0.004335,0.004316
20131105,-0.003003,-0.003127
20131106,0.003025,0.002591
20131107,-0.013887,-0.014058
20131108,0.012340,0.012323
20131111,0.000989,0.000989
20131112,-0.002247,-0.002314
20131113,0.008523,0.008275
20131114,0.004564,0.004420
20131115,0.004419,0.004394
20131118,-0.004643,-0.004694
20131119,-0.003362,-0.003511
20131120,-0.003302,-0.003356
20131121,0.008674,0.008615
20131122,0.004573,0.004482
20131125,-0.001431,-0.001458
20131126,0.001066,0.000945
20131127,0.002741,0.002554
20131129,0.000166,0.000105
20131202,-0.003649,-0.003705
20131203,-0.003716,-0.003774
20131204,-0.000952,-0.001162
20131205,-0.003516,-0.003535
20131206,0.009677,0.009605
20131209,0.001864,0.001815
20131210,-0.002815,-0.002841
20131211,-0.012064,-0.012214
20131212,-0.002551,-0.002791
20131213,0.001277,0.001245
20131216,0.006436,0.006423
20131217,-0.002335,-0.002353
20131218,0.014491,0.014356
20131219,-0.001018,-0.001119
20131220,0.006904,0.006772
20131223,0.006236,0.006068
20131224,0.003465,0.003314
20131226,0.004002,0.003968
20131227,-0.000066,-0.000333
20131230,0.000274,0.000209
20131231,0.004260,0.004207
20140102,-0.008762,-0.008888
20140103,0.000490,0.000435
20140106,-0.003358,-0.003378
20140107,0.006080,0.006071
20140108,0.000165,-0.000031
20140109,0.000119,0.000058
20140110,0.003581,0.003580
20140113,-0.011633,-0.011732
20140114,0.010257,0.010238
20140115,0.005068,0.005038
20140116,-0.000259,-0.000279
20140117,-0.003463,-0.003476
20140121,0.003358,0.003343
20140122,0.001468,0.001374
20140123,-0.008156,-0.008203
20140124,-0.021124,-0.021132
20140127,-0.006651,-0.006699
20140128,0.007290,0.007283
20140129,-0.009934,-0.010106
20140130,0.011505,0.011438
20140131,-0.005797,-0.005810
20140203,-0.023186,-0.023212
20140204,0.007615,0.007551
20140205,-0.001941,-0.002226
20140206,0.011908,0.011525
20140207,0.012612,0.012604
20140210,0.001556,0.001526
20140211,0.010612,0.010563
20140212,0.001163,0.000786
20140213,0.006958,0.006847
20140214,0.004119,0.004050
20140218,0.003181,0.003062
20140219,-0.006849,-0.006915
20140220,0.006448,0.006302
20140221,-0.000816,-0.000912
20140224,0.006181,0.006163
20140225,-0.001269,-0.001288
20140226,0.001039,0.000866
20140227,0.004880,0.004741
20140228,0.001667,0.001634
20140303,-0.006629,-0.006690
20140304,0.015437,0.015418
20140305,0.000360,0.000208
20140306,0.001722,0.001576
20140307,-0.000796,-0.000889
20140310,-0.001255,-0.001302
20140311,-0.005528,-0.005579
20140312,0.001295,0.001013
20140313,-0.011133,-0.011245
20140314,-0.001380,-0.001408
20140317,0.008280,0.008267
20140318,0.007666,0.007635
20140319,-0.006796,-0.006825
20140320,0.004696,0.004676
20140321,-0.002868,-0.002935
20140324,-0.006073,-0.006094
20140325,0.003435,0.003276
20140326,-0.008163,-0.008214
20140327,-0.001070,-0.001295
20140328,0.004473,0.004397
20140331,0.009187,0.009153
20140401,0.008261,0.008165
20140402,0.002831,0.002707
20140403,-0.003096,-0.003107
20140404,-0.012586,-0.012614
20140407,-0.011643,-0.011656
20140408,0.005382,0.005161
20140409,0.011303,0.011236
20140410,-0.020787,-0.020797
20140411,-0.009782,-0.009878
20140414,0.006512,0.006506
20140415,0.005176,0.005160
20140416,0.010641,0.010619
20140417,0.002274,0.002239
20140421,0.003489,0.003471
20140422,0.005569,0.005519
20140423,-0.002779,-0.002870
20140424,0.000722,0.000692
20140425,-0.009470,-0.009473
20140428,0.001089,0.000960
20140429,0.005631,0.005590
20140430,0.003405,0.003343
20140501,0.000754,0.000651
20140502,-0.000265,-0.000276
20140505,0.001307,0.001240
20140506,-0.008728,-0.008786
20140507,0.004400,0.004043
20140508,-0.002682,-0.002893
20140509,0.001575,0.001447
20140512,0.011169,0.011091
20140513,-0.000663,-0.000883
20140514,-0.004726,-0.004864
20140515,-0.008365,-0.008516
20140516,0.003411,0.003384
20140519,0.004292,0.004238
20140520,-0.006939,-0.006984
20140521,0.007414,0.007298
20140522,0.003482,0.003382
20140523,0.004764,0.004702
20140527,0.005890,0.005881
20140528,-0.001315,-0.001476
20140529,0.004898,0.004795
20140530,0.000651,0.000644
20140602,0.000709,0.000603
20140603,-0.000374,-0.000411
20140604,0.002552,0.002407
20140605,0.007268,0.007211
20140606,0.005112,0.005000
20140609,0.001870,0.001835
20140610,-0.000363,-0.000408
20140611,-0.003075,-0.003218
20140612,-0.005689,-0.005990
20140613,0.003065,0.003046
20140616,0.001411,0.001404
20140617,0.002945,0.002926
20140618,0.006977,0.006944
20140619,0.001688,0.001587
20140620,0.002069,0.001986
20140623,0.000132,0.000098
20140624,-0.006983,-0.007154
20140625,0.005118,0.004950
20140626,-0.000555,-0.000769
20140627,0.002882,0.002824
20140630,0.001029,0.000967
20140701,0.006796,0.006650
20140702,-0.000307,-0.000365
20140703,0.004964,0.004955
20140707,-0.006103,-0.006161
20140708,-0.007343,-0.007532
20140709,0.004475,0.004409
20140710,-0.004851,-0.004855
20140711,0.000773,0.000683
20140714,0.004560,0.004556
20140715,-0.003292,-0.003302
20140716,0.003760,0.003674
20140717,-0.010966,-0.011032
20140718,0.010256,0.010252
20140721,-0.002169,-0.002191
20140722,0.005101,0.005060
20140723,0.001854,0.001833
20140724,0.000244,0.000216
20140725,-0.005032,-0.005046
20140728,-0.000500,-0.000504
20140729,-0.003663,-0.003777
20140730,0.000530,0.000366
20140731,-0.019363,-0.019460
20140801,-0.003456,-0.003496
20140804,0.007135,0.007117
20140805,-0.008876,-0.008962
20140806,0.000304,0.000023
20140807,-0.004902,-0.005098
20140808,0.010301,0.010274
20140811,0.004765,0.004644
20140812,-0.002198,-0.002242
20140813,0.006621,0.006398
20140814,0.004204,0.004128
20140815,0.000295,0.000199
20140818,0.008518,0.008468
20140819,0.004711,0.004562
20140820,0.001977,0.001909
20140821,0.002467,0.002441
20140822,-0.001441,-0.001525
20140825,0.004552,0.004525
20140826,0.002176,0.002165
20140827,0.000631,0.000447
20140828,-0.001825,-0.001933
20140829,0.003797,0.003735
20140902,0.000042,-0.000025
20140903,-0.000578,-0.000715
20140904,-0.002384,-0.002430
20140905,0.004378,0.004351
20140908,-0.002769,-0.002905
20140909,-0.006316,-0.006331
20140910,0.003341,0.003245
20140911,0.001293,0.001016
20140912,-0.006582,-0.006609
20140915,-0.002880,-0.002890
20140916,0.007028,0.007010
20140917,0.000801,0.000769
20140918,0.004527,0.004411
20140919,-0.002361,-0.002440
20140922,-0.010084,-0.010113
20140923,-0.005992,-0.006065
20140924,0.007107,0.006980
20140925,-0.015558,-0.015580
20140926,0.008413,0.008152
20140929,-0.002416,-0.002493
20140930,-0.004085,-0.004127
20141001,-0.012925,-0.013043
20141002,0.000767,0.000709
20141003,0.009108,0.009071
20141006,-0.001587,-0.001614
20141007,-0.015000,-0.015007
20141008,0.015890,0.015656
20141009,-0.021215,-0.021265
20141010,-0.013339,-0.013438
20141013,-0.015518,-0.015518
20141014,0.002341,0.002332
20141015,-0.004504,-0.004586
20141016,0.003839,0.003813
20141017,0.010816,0.010815
20141020,0.009260,0.009244
20141021,0.019239,0.019226
20141022,-0.008878,-0.008965
20141023,0.012262,0.012200
20141024,0.006017,0.006009
20141027,-0.002165,-0.002173
20141028,0.013737,0.013732
20141029,-0.002239,-0.002418
20141030,0.004968,0.004847
20141031,0.011532,0.011515
20141103,-0.000679,-0.000721
20141104,-0.004626,-0.004639
20141105,0.004886,0.004572
20141106,0.003810,0.003552
20141107,0.001989,0.001856
20141110,0.002733,0.002686
20141111,0.001134,0.001134
20141112,0.000555,0.000305
20141113,-0.000933,-0.001027
20141114,0.001343,0.001241
20141117,-0.000218,-0.000261
20141118,0.005515,0.005341
20141119,-0.002368,-0.002427
20141120,0.003292,0.003254
20141121,0.005321,0.005212
20141124,0.003183,0.003157
20141125,-0.000406,-0.000530
20141126,0.002803,0.002529
20141128,-0.006087,-0.006129
20141201,-0.008989,-0.009064
20141202,0.005882,0.005835
20141203,0.005231,0.005019
20141204,-0.002141,-0.002164
20141205,0.001455,0.001447
20141208,-0.009474,-0.009580
20141209,0.001712,0.001677
20141210,-0.017438,-0.017513
20141211,0.004089,0.003786
20141212,-0.015237,-0.015271
20141215,-0.007682,-0.007721
20141216,-0.005852,-0.005879
20141217,0.021799,0.021672
20141218,0.021552,0.021409
20141219,0.004600,0.004482
20141222,0.003259,0.003074
20141223,0.002203,0.002153
20141224,0.000588,0.000448
20141226,0.003674,0.003648
20141229,0.001242,0.000967
20141230,-0.004285,-0.004385
20141231,-0.008791,-0.008796
20150102,-0.000235,-0.000380
20150105,-0.018293,-0.018346
20150106,-0.009662,-0.009664
20150107,0.011123,0.010917
20150108,0.016874,0.016847
20150109,-0.007549,-0.007555
20150112,-0.007785,-0.007788
20150113,-0.002275,-0.002386
20150114,-0.005213,-0.005241
20150115,-0.009198,-0.009221
20150116,0.013849,0.013835
20150120,0.000261,0.000235
20150121,0.004535,0.004439
20150122,0.014717,0.014677
20150123,-0.004200,-0.004200
20150126,0.004400,0.004393
20150127,-0.010026,-0.010027
20150128,-0.014068,-0.014240
20150129,0.008484,0.008378
20150130,-0.012190,-0.012212
20150202,0.012239,0.012194
20150203,0.015022,0.014991
20150204,-0.004431,-0.004703
20150205,0.011521,0.011247
20150206,-0.003591,-0.003779
20150209,-0.004099,-0.004132
20150210,0.008623,0.008578
20150211,-0.000357,-0.000654
20150212,0.010442,0.010247
20150213,0.004737,0.004672
20150217,0.001741,0.001634
20150218,0.000148,0.000050
20150219,-0.001020,-0.001167
20150220,0.005712,0.005628
20150223,-0.000643,-0.000670
20150224,0.002303,0.002281
20150225,0.000691,0.000531
20150226,-0.001536,-0.001679
20150227,-0.002607,-0.002625
20150302,0.005500,0.005409
20150303,-0.004051,-0.004068
20150304,-0.003782,-0.003927
20150305,0.001630,0.001579
20150306,-0.013854,-0.013959
20150309,0.002858,0.002772
20150310,-0.015521,-0.015587
20150311,-0.000203,-0.000403
20150312,0.011993,0.011776
20150313,-0.005523,-0.005558
20150316,0.011764,0.011749
20150317,-0.001749,-0.001758
20150318,0.012074,0.012038
20150319,-0.004543,-0.004573
20150320,0.009384,0.009307
20150323,-0.000954,-0.001002
20150324,-0.004574,-0.004631
20150325,-0.014704,-0.014837
20150326,-0.002244,-0.002272
20150327,0.002472,0.002235
20150330,0.011527,0.011449
20150331,-0.007125,-0.007199
20150401,-0.002686,-0.002799
20150402,0.004003,0.003928
20150406,0.006576,0.006567
20150407,-0.002130,-0.002159
20150408,0.003592,0.003343
20150409,0.003362,0.003333
20150410,0.004604,0.004601
20150413,-0.003730,-0.003815
20150414,0.001877,0.001868
20150415,0.006182,0.006168
20150416,-0.000412,-0.000435
20150417,-0.011304,-0.011312
20150420,0.008083,0.008056
20150421,-0.001002,-0.001050
20150422,0.004141,0.004089
20150423,0.003545,0.003465
20150424,0.001161,0.001156
20150427,-0.004797,-0.004800
20150428,0.002468,0.002342
20150429,-0.003928,-0.004012
20150430,-0.010726,-0.010785
20150501,0.009300,0.009255
20150504,0.002970,0.002963
20150505,-0.011558,-0.011647
20150506,-0.003353,-0.003676
20150507,0.003357,0.003143
20150508,0.012089,0.012070
20150511,-0.003975,-0.004175
20150512,-0.002241,-0.002290
20150513,0.000185,-0.000025
20150514,0.009735,0.009630
20150515,0.001065,0.000975
20150518,0.003346,0.003286
20150519,-0.001351,-0.001501
20150520,-0.000325,-0.000415
20150521,0.002479,0.002379
20150522,-0.002204,-0.002264
20150526,-0.010471,-0.010484
20150527,0.008653,0.008495
20150528,-0.001208,-0.001344
20150529,-0.005812,-0.005834
20150601,0.001531,0.001439
20150602,0.000375,0.000332
20150603,0.002646,0.002504
20150604,-0.008895,-0.008911
20150605,-0.000011,-0.000056
20150608,-0.006538,-0.006666
20150609,-0.000025,-0.000065
20150610,0.011535,0.011463
20150611,0.001893,0.001611
20150612,-0.006182,-0.006245
20150615,-0.004044,-0.004065
20150616,0.004954,0.004935
20150617,0.001724,0.001699
20150618,0.009293,0.009178
20150619,-0.004865,-0.004945
20150622,0.005851,0.005811
20150623,0.001289,0.001230
20150624,-0.007414,-0.007516
20150625,-0.002664,-0.002799
20150626,-0.000817,-0.001120
20150629,-0.021516,-0.021590
20150630,0.002974,0.002924
20150701,0.005476,0.005289
20150702,-0.000555,-0.000610
20150706,-0.004510,-0.004539
20150707,0.004992,0.004958
20150708,-0.016517,-0.016723
20150709,0.002746,0.002728
20150710,0.012685,0.012680
20150713,0.010252,0.010166
20150714,0.004721,0.004712
20150715,-0.002479,-0.002505
20150716,0.006971,0.006948
20150717,-0.000624,-0.000626
20150720,-0.001218,-0.001237
20150721,-0.004066,-0.004094
20150722,-0.002375,-0.002460
20150723,-0.005451,-0.005549
20150724,-0.010028,-0.010031
20150727,-0.007088,-0.007092
20150728,0.012260,0.012253
20150729,0.007577,0.007411
20150730,0.000785,0.000673
20150731,-0.000767,-0.000790
20150803,-0.003689,-0.003718
20150804,-0.001722,-0.001799
20150805,0.002565,0.002230
20150806,-0.007844,-0.008065
20150807,-0.003290,-0.003321
20150810,0.013142,0.013121
20150811,-0.009268,-0.009405
20150812,0.000715,0.000492
20150813,-0.002050,-0.002190
20150814,0.003791,0.003764
20150817,0.005743,0.005605
20150818,-0.003509,-0.003645
20150819,-0.008821,-0.008877
20150820,-0.021672,-0.021689
20150821,-0.028053,-0.028165
20150824,-0.038603,-0.038630
20150825,-0.010300,-0.010314
20150826,0.033826,0.033754
20150827,0.024398,0.024294
20150828,0.002548,0.002440
20150831,-0.007258,-0.007342
20150901,-0.028197,-0.028258
20150902,0.016374,0.016231
20150903,0.001848,0.001804
20150904,-0.013766,-0.013829
20150908,0.023703,0.023597
20150909,-0.012792,-0.012882
20150910,0.004401,0.004330
20150911,0.003421,0.003130
20150914,-0.004221,-0.004284
20150915,0.011446,0.011428
20150916,0.009532,0.009495
20150917,-0.000701,-0.000815
20150918,-0.015333,-0.015479
20150921,0.003286,0.003245
20150922,-0.013633,-0.013658
20150923,-0.003508,-0.003593
20150924,-0.003699,-0.003719
20150925,-0.002121,-0.002240
20150928,-0.027066,-0.027388
20150929,-0.000903,-0.000958
20150930,0.019445,0.019396
20151001,0.001948,0.001863
20151002,0.015204,0.015088
20151005,0.018788,0.018751
20151006,-0.003079,-0.003105
20151007,0.009817,0.009517
20151008,0.008534,0.008511
20151009,0.001437,0.001409
20151012,-0.000225,-0.000225
20151013,-0.007798,-0.007893
20151014,-0.004298,-0.004348
20151015,0.014725,0.014680
20151016,0.003399,0.003396
20151019,-0.000676,-0.000687
20151020,-0.001174,-0.001194
20151021,-0.008030,-0.008132
20151022,0.013958,0.013897
20151023,0.009512,0.009506
20151026,-0.002833,-0.002840
20151027,-0.004484,-0.004493
20151028,0.013661,0.013514
20151029,-0.002209,-0.002359
20151030,-0.004013,-0.004028
20151102,0.012462,0.012426
20151103,0.003109,0.003061
20151104,-0.003391,-0.003682
20151105,-0.001398,-0.001565
20151106,-0.000379,-0.000487
20151109,-0.009617,-0.009786
20151110,0.001290,0.001075
20151111,-0.004136,-0.004136
20151112,-0.014517,-0.014721
20151113,-0.009785,-0.009798
20151116,0.013755,0.013624
20151117,-0.001368,-0.001528
20151118,0.015289,0.015212
20151119,-0.000995,-0.001040
20151120,0.003012,0.002897
20151123,-0.000676,-0.000717
20151124,0.002372,0.002335
20151125,0.001165,0.001053
20151127,0.000780,0.000597
20151130,-0.003856,-0.003963
20151201,0.009524,0.009435
20151202,-0.010729,-0.010930
20151203,-0.014330,-0.014358
20151204,0.016455,0.016442
20151207,-0.009795,-0.009852
20151208,-0.006113,-0.006194
20151209,-0.006600,-0.006682
20151210,0.002050,0.001951
20151211,-0.019851,-0.020044
20151214,0.001597,0.001544
20151215,0.011313,0.011288
20151216,0.014906,0.014822
20151217,-0.014615,-0.014752
20151218,-0.015069,-0.015188
20151221,0.007152,0.006882
20151222,0.008839,0.008761
20151223,0.013685,0.013570
20151224,-0.000831,-0.000940
20151228,-0.003328,-0.003346
20151229,0.010021,0.009734
20151230,-0.007376,-0.007490
20151231,-0.008202,-0.008228
20160104,-0.014900,-0.015063
20160105,0.001398,0.001395
20160106,-0.013822,-0.014091
20160107,-0.023961,-0.023984
20160108,-0.010925,-0.010930
20160111,-0.001715,-0.001716
20160112,0.006078,0.006056
20160113,-0.025858,-0.025972
20160114,0.015460,0.015431
20160115,-0.021697,-0.021733
20160119,-0.002419,-0.002426
20160120,-0.010609,-0.010729
20160121,0.005685,0.005661
20160122,0.022497,0.022463
20160125,-0.016696,-0.016775
20160126,0.015938,0.015936
20160127,-0.010554,-0.010705
20160128,0.005080,0.004972
20160129,0.024568,0.024526
20160201,-0.000358,-0.000414
20160202,-0.020012,-0.020039
20160203,0.005759,0.005447
20160204,0.003651,0.003439
20160205,-0.019618,-0.019659
20160208,-0.016957,-0.017040
20160209,-0.003064,-0.003222
20160210,0.000261,-0.000022
20160211,-0.011979,-0.012157
20160212,0.020146,0.020063
20160216,0.017685,0.017454
20160217,0.018118,0.018002
20160218,-0.004207,-0.004292
20160219,-0.000227,-0.000348
20160222,0.014334,0.014318
20160223,-0.011800,-0.011847
20160224,0.004976,0.004930
20160225,0.011061,0.010850
20160226,0.000278,0.000176
20160229,-0.005929,-0.006005
20160301,0.022408,0.022248
20160302,0.005693,0.005535
20160303,0.005606,0.005506
20160304,0.004157,0.004036
20160307,0.003233,0.003176
20160308,-0.013548,-0.013711
20160309,0.005594,0.005409
20160310,-0.001287,-0.001344
20160311,0.017453,0.017184
20160314,-0.001582,-0.001643
20160315,-0.004459,-0.004533
20160316,0.007492,0.007398
20160317,0.008250,0.008230
20160318,0.003873,0.003770
20160321,0.000509,0.000453
20160322,-0.000371,-0.000487
20160323,-0.009463,-0.009558
20160324,-0.000150,-0.000157
20160328,0.000801,0.000788
20160329,0.011069,0.010804
20160330,0.004485,0.004391
20160331,-0.000883,-0.000893
20160401,0.004657,0.004588
20160404,-0.004392,-0.004542
20160405,-0.010022,-0.010026
20160406,0.011089,0.010813
20160407,-0.011649,-0.011681
20160408,0.004350,0.004330
20160411,-0.001829,-0.001833
20160412,0.010409,0.010380
20160413,0.011303,0.011172
20160414,-0.000442,-0.000524
20160415,-0.000555,-0.000559
20160418,0.006776,0.006761
20160419,0.004493,0.004488
20160420,0.001218,0.001172
20160421,-0.005260,-0.005322
20160422,0.001834,0.001830
20160425,-0.002780,-0.002790
20160426,0.003361,0.003359
20160427,0.002654,0.002518
20160428,-0.008551,-0.008664
20160429,-0.004465,-0.004496
20160502,0.006752,0.006716
20160503,-0.011103,-0.011131
20160504,-0.006189,-0.006414
20160505,-0.000496,-0.000678
20160506,0.003523,0.003393
20160509,-0.000206,-0.000221
20160510,0.012315,0.012279
20160511,-0.008277,-0.008684
20160512,-0.000766,-0.001033
20160513,-0.007973,-0.008045
20160516,0.010221,0.010137
20160517,-0.008611,-0.008841
20160518,-0.000824,-0.000942
20160519,-0.003801,-0.003816
20160520,0.007633,0.007512
20160523,-0.001793,-0.001825
20160524,0.013134,0.013108
20160525,0.007324,0.007252
20160526,-0.000124,-0.000251
20160527,0.004405,0.004254
20160531,-0.000350,-0.000396
20160601,0.002370,0.002195
20160602,0.003645,0.003559
20160603,-0.001923,-0.001939
20160606,0.006147,0.006118
20160607,0.002137,0.002106
20160608,0.003563,0.003375
20160609,-0.002812,-0.002855
20160610,-0.011231,-0.011245
20160613,-0.008126,-0.008407
20160614,-0.002771,-0.002909
20160615,-0.000500,-0.000573
20160616,0.001909,0.001789
20160617,-0.001766,-0.001856
20160620,0.007276,0.007213
20160621,0.002342,0.002174
20160622,-0.001879,-0.002003
20160623,0.014428,0.014412
20160624,-0.036606,-0.036623
20160627,-0.020306,-0.020307
20160628,0.018052,0.017775
20160629,0.017606,0.017500
20160630,0.013189,0.013159
20160701,0.003012,0.002848
20160705,-0.008218,-0.008273
20160706,0.005436,0.005139
20160707,-0.000696,-0.000777
20160708,0.015480,0.015463
20160711,0.004205,0.004203
20160712,0.007923,0.007918
20160713,-0.000222,-0.000321
20160714,0.004679,0.004658
20160715,-0.000799,-0.000803
20160718,0.002596,0.002567
20160719,-0.002358,-0.002378
20160720,0.004629,0.004528
20160721,-0.003328,-0.003343
20160722,0.004501,0.004465
20160725,-0.003159,-0.003166
20160726,0.001615,0.001593
20160727,-0.001257,-0.001344
20160728,0.001658,0.001539
20160729,0.002623,0.002574
20160801,-0.002250,-0.002287
20160802,-0.007092,-0.007118
20160803,0.004378,0.004106
20160804,0.000806,0.000583
20160805,0.008063,0.008039
20160808,0.000104,0.000022
20160809,0.001070,0.001029
20160810,-0.002562,-0.002849
20160811,0.004811,0.004640
20160812,-0.000496,-0.000550
20160815,0.004012,0.003919
20160816,-0.005481,-0.005615
20160817,0.001045,0.000826
20160818,0.003382,0.003354
20160819,-0.001829,-0.001928
20160822,-0.000427,-0.000452
20160823,0.002816,0.002792
20160824,-0.006047,-0.006110
20160825,-0.000646,-0.000662
20160826,-0.001829,-0.001846
20160829,0.005233,0.005107
20160830,-0.001521,-0.001650
20160831,-0.002586,-0.002727
20160901,0.000757,0.000696
20160902,0.005885,0.005842
20160906,0.003409,0.003388
20160907,0.000812,0.000611
20160908,-0.002066,-0.002122
20160909,-0.025030,-0.025044
20160912,0.013354,0.013309
20160913,-0.015853,-0.016202
20160914,-0.000541,-0.000618
20160915,0.010108,0.009992
20160916,-0.003862,-0.003954
20160919,0.001386,0.001361
20160920,-0.000365,-0.000423
20160921,0.011880,0.011837
20160922,0.007816,0.007763
20160923,-0.005952,-0.005954
20160926,-0.008231,-0.008374
20160927,0.005092,0.005059
20160928,0.006713,0.006445
20160929,-0.009215,-0.009266
20160930,0.007824,0.007794
20161003,-0.003066,-0.003187
20161004,-0.005621,-0.005728
20161005,0.004938,0.004631
20161006,-0.000745,-0.000770
20161007,-0.003822,-0.003854
20161010,0.005604,0.005604
20161011,-0.012617,-0.012627
20161012,0.000928,0.000845
20161013,-0.003316,-0.003349
20161014,-0.000325,-0.000331
20161017,-0.002523,-0.002542
20161018,0.006567,0.006561
20161019,0.003006,0.002896
20161020,-0.001655,-0.001755
20161021,-0.000127,-0.000134
20161024,0.004445,0.004409
20161025,-0.004365,-0.004389
20161026,-0.002827,-0.002862
20161027,-0.003972,-0.004094
20161028,-0.002570,-0.002632
20161031,0.000426,0.000414
20161101,-0.006787,-0.006826
20161102,-0.007706,-0.007839
20161103,-0.003949,-0.004260
20161104,-0.001240,-0.001282
20161107,0.020946,0.020923
20161108,0.003893,0.003537
20161109,0.012072,0.011973
20161110,0.001954,0.001844
20161111,0.000250,0.000250
20161114,0.002375,0.002265
20161115,0.007920,0.007743
20161116,-0.001513,-0.001718
20161117,0.004607,0.004556
20161118,-0.001351,-0.001475
20161121,0.007782,0.007754
20161122,0.003041,0.002995
20161123,0.000939,0.000906
20161125,0.003647,0.003627
20161128,-0.005944,-0.006068
20161129,0.000964,0.000775
20161130,-0.001560,-0.001744
20161201,-0.004222,-0.004293
20161202,0.000703,0.000698
20161205,0.007303,0.007234
20161206,0.004749,0.004719
20161207,0.012408,0.012216
20161208,0.003731,0.003623
20161209,0.003921,0.003910
20161212,-0.002444,-0.002490
20161213,0.005788,0.005609
20161214,-0.009621,-0.009701
20161215,0.003584,0.003540
20161216,-0.001147,-0.001274
20161219,0.002086,0.002013
20161220,0.004303,0.004163
20161221,-0.002496,-0.002677
20161222,-0.002723,-0.002976
20161223,0.001851,0.001761
20161227,0.002516,0.002507
20161228,-0.007982,-0.008262
20161229,0.000584,0.000514
20161230,-0.004043,-0.004076
20170103,0.008212,0.008184
20170104,0.008622,0.008467
20170105,-0.000933,-0.000943
20170106,0.002312,0.002085
20170109,-0.003926,-0.003933
20170110,0.001305,0.001298
20170111,0.003223,0.003113
20170112,-0.002550,-0.002571
20170113,0.002833,0.002827
20170117,-0.003688,-0.003711
20170118,0.001416,0.001299
20170119,-0.003879,-0.003902
20170120,0.003628,0.003604
20170123,-0.001930,-0.001953
20170124,0.008372,0.008340
20170125,0.008073,0.008070
20170126,-0.001136,-0.001158
20170127,-0.001591,-0.001700
20170130,-0.007057,-0.007118
20170131,0.000837,0.000821
20170201,0.000271,0.000044
20170202,0.000620,0.000554
20170203,0.007800,0.007686
20170206,-0.002704,-0.002722
20170207,-0.000538,-0.000575
20170208,0.001219,0.000970
20170209,0.006493,0.006359
20170210,0.004105,0.004056
20170213,0.004662,0.004451
20170214,0.003880,0.003689
20170215,0.004789,0.004644
20170216,-0.001254,-0.001351
20170217,0.001896,0.001867
20170221,0.005813,0.005801
20170222,-0.001745,-0.001822
20170223,-0.000905,-0.000992
20170224,0.000450,0.000260
20170227,0.002006,0.001889
20170228,-0.004623,-0.004649
20170301,0.013385,0.013188
20170302,-0.006867,-0.006934
20170303,0.000946,0.000921
20170306,-0.003806,-0.003830
20170307,-0.003426,-0.003477
20170308,-0.003247,-0.003520
20170309,-0.000253,-0.000291
20170310,0.003456,0.003420
20170313,0.001660,0.001370
20170314,-0.004190,-0.004235
20170315,0.010126,0.010075
20170316,-0.000617,-0.000653
20170317,-0.000801,-0.000875
20170320,-0.002330,-0.002365
20170321,-0.013611,-0.013693
20170322,0.001797,0.001735
20170323,0.000147,0.000126
20170324,-0.000318,-0.000435
20170327,-0.000348,-0.000357
20170328,0.006894,0.006882
20170329,0.002268,0.002000
20170330,0.002599,0.002564
20170331,-0.001088,-0.001114
20170403,-0.002631,-0.002706
20170404,0.000636,0.000529
20170405,-0.004138,-0.004210
20170406,0.003500,0.003274
20170407,-0.000719,-0.000724
20170410,0.001465,0.001420
20170411,-0.000130,-0.000258
20170412,-0.004576,-0.004590
20170413,-0.007201,-0.007221
20170417,0.008656,0.008651
20170418,-0.002512,-0.002535
20170419,-0.001351,-0.001457
20170420,0.007667,0.007651
20170421,-0.002843,-0.002877
20170424,0.010761,0.010738
20170425,0.005977,0.005976
20170426,-0.000111,-0.000170
20170427,-0.000055,-0.000188
20170428,-0.002611,-0.002641
20170501,0.001999,0.001964
20170502,0.000244,0.000239
20170503,-0.002576,-0.002765
20170504,-0.000777,-0.000855
20170505,0.005795,0.005773
20170508,-0.000822,-0.001088
20170509,-0.000994,-0.001032
20170510,0.002605,0.002314
20170511,-0.002713,-0.003006
20170512,-0.001539,-0.001570
20170515,0.005611,0.005514
20170516,-0.000387,-0.000538
20170517,-0.018115,-0.018338
20170518,0.003363,0.003336
20170519,0.007584,0.007544
20170522,0.005392,0.005370
20170523,0.001544,0.001519
20170524,0.002419,0.002378
20170525,0.003245,0.003147
20170526,0.000310,0.000189
20170530,-0.002268,-0.002400
20170531,-0.000332,-0.000443
20170601,0.009035,0.008896
20170602,0.003483,0.003467
20170605,-0.001823,-0.001857
20170606,-0.002161,-0.002170
20170607,0.000713,0.000537
20170608,0.001580,0.001536
20170609,-0.000541,-0.000545
20170612,-0.000869,-0.000923
20170613,0.005338,0.005084
20170614,-0.002301,-0.002380
20170615,-0.002987,-0.003116
20170616,0.000546,0.000448
20170619,0.007634,0.007610
20170620,-0.007519,-0.007661
20170621,-0.000747,-0.000887
20170622,0.000803,0.000786
20170623,0.002918,0.002877
20170626,0.000931,0.000895
20170627,-0.007488,-0.007541
20170628,0.010016,0.009744
20170629,-0.008129,-0.008192
20170630,0.001447,0.001409
20170703,0.003041,0.002942
20170705,0.000126,-0.000235
20170706,-0.009238,-0.009535
20170707,0.006437,0.006411
20170710,0.000496,0.000494
20170711,0.000249,0.000231
20170712,0.007695,0.007613
20170713,0.001741,0.001714
20170714,0.004857,0.004841
20170717,0.000018,-0.000010
20170718,0.000462,0.000444
20170719,0.005971,0.005906
20170720,0.000032,-0.000025
20170721,-0.000926,-0.000930
20170724,-0.000127,-0.000173
20170725,0.003480,0.003478
20170726,-0.000083,-0.000090
20170727,-0.002078,-0.002236
20170728,-0.001070,-0.001138
20170731,-0.000870,-0.000875
20170801,0.002361,0.002320
20170802,-0.000980,-0.001163
20170803,-0.002196,-0.002389
20170804,0.002018,0.001998
20170807,0.001409,0.001382
20170808,-0.002776,-0.002869
20170809,-0.001448,-0.001571
20170810,-0.014410,-0.014672
20170811,0.001500,0.001394
20170814,0.009843,0.009800
20170815,-0.001447,-0.001612
20170816,0.002159,0.001940
20170817,-0.014578,-0.014624
20170818,-0.001183,-0.001220
20170821,0.000853,0.000826
20170822,0.009411,0.009378
20170823,-0.001916,-0.001991
20170824,-0.001174,-0.001196
20170825,0.001996,0.001917
20170828,0.000329,0.000295
20170829,0.000672,0.000543
20170830,0.004622,0.004415
20170831,0.006908,0.006822
20170901,0.002855,0.002771
20170905,-0.007621,-0.007621
20170906,0.003200,0.003191
20170907,-0.000045,-0.000236
20170908,-0.001274,-0.001315
20170911,0.010258,0.010245
20170912,0.003551,0.003505
20170913,0.000560,0.000539
20170914,-0.000493,-0.000806
20170915,0.001828,0.001666
20170918,0.002000,0.001949
20170919,0.001114,0.001096
20170920,0.000928,0.000843
20170921,-0.002540,-0.002576
20170922,0.001098,0.001047
20170925,-0.001893,-0.001897
20170926,0.000218,0.000093
20170927,0.004979,0.004943
20170928,0.001614,0.001358
20170929,0.003327,0.003285
20171002,0.004557,0.004479
20171003,0.002497,0.002464
20171004,0.000780,0.000732
20171005,0.004778,0.004628
20171006,-0.000977,-0.001185
20171009,-0.001991,-0.001991
20171010,0.002710,0.002684
20171011,0.001955,0.001934
20171012,-0.001538,-0.001616
20171013,0.000876,0.000855
20171016,0.001001,0.000986
20171017,-0.000176,-0.000188
20171018,0.000973,0.000948
20171019,-0.000133,-0.000192
20171020,0.004201,0.004143
20171023,-0.004279,-0.004306
20171024,0.001662,0.001643
20171025,-0.005402,-0.005433
20171026,0.001476,0.001474
20171027,0.007611,0.007595
20171030,-0.003378,-0.003491
20171031,0.002034,0.001979
20171101,0.000747,0.000697
20171102,0.000341,0.000206
20171103,0.002857,0.002767
20171106,0.002099,0.001991
20171107,-0.001834,-0.001850
20171108,0.001384,0.001360
20171109,-0.003596,-0.003784
20171110,-0.000265,-0.000539
20171113,0.000203,0.000172
20171114,-0.002571,-0.002730
20171115,-0.004868,-0.005030
20171116,0.009340,0.009091
20171117,-0.000935,-0.000986
20171120,0.001802,0.001759
20171121,0.006585,0.006554
20171122,-0.000062,-0.000135
20171124,0.002166,0.002120
20171127,-0.001556,-0.001632
20171128,0.008838,0.008779
20171129,-0.000719,-0.000856
20171130,0.007252,0.006944
20171201,-0.001121,-0.001192
20171204,-0.001742,-0.001765
20171205,-0.004187,-0.004220
20171206,-0.001394,-0.001418
20171207,0.004027,0.003866
20171208,0.005048,0.004957
20171211,0.002791,0.002772
20171212,0.000752,0.000722
20171213,0.000540,0.000511
20171214,-0.004366,-0.004566
20171215,0.007960,0.007835
20171218,0.006762,0.006683
20171219,-0.003411,-0.003599
20171220,-0.000101,-0.000218
20171221,0.002513,0.002350
20171222,-0.000164,-0.000183
20171226,-0.000170,-0.000238
20171227,0.000849,0.000783
20171228,0.002505,0.002237
20171229,-0.004750,-0.004828
20180102,0.008499,0.008465
20180103,0.005864,0.005861
20180104,0.004000,0.003857
20180105,0.005807,0.005804
20180108,0.001820,0.001807
20180109,0.000922,0.000688
20180110,-0.001489,-0.001495
20180111,0.008302,0.008230
20180112,0.006087,0.006079
20180116,-0.004428,-0.004444
20180117,0.008570,0.008567
20180118,-0.002001,-0.002062
20180119,0.005424,0.005406
20180122,0.007610,0.007594
20180123,0.002613,0.002581
20180124,-0.000901,-0.000932
20180125,0.000070,0.000066
20180126,0.009967,0.009946
20180129,-0.006902,-0.006940
20180130,-0.010189,-0.010299
20180131,0.000156,0.000103
20180201,-0.000264,-0.000457
20180202,-0.020874,-0.020946
20180205,-0.038052,-0.038070
20180206,0.015328,0.015243
20180207,-0.004176,-0.004231
20180208,-0.034722,-0.034842
20180209,0.012299,0.012055
20180212,0.013235,0.013199
20180213,0.002893,0.002849
20180214,0.014366,0.014128
20180215,0.011122,0.010917
20180216,0.000359,0.000258
20180220,-0.006279,-0.006349
20180221,-0.004404,-0.004431
20180222,0.000222,0.000153
20180223,0.014669,0.014601
20180226,0.010014,0.009925
20180227,-0.012560,-0.012689
20180228,-0.011046,-0.011144
20180301,-0.010800,-0.010942
20180302,0.005872,0.005767
20180305,0.010141,0.010133
20180306,0.004150,0.004107
20180307,0.000447,0.000367
20180308,0.003646,0.003399
20180309,0.015762,0.015716
20180312,-0.000150,-0.000155
20180313,-0.006181,-0.006230
20180314,-0.004576,-0.004835
20180315,-0.002206,-0.002274
20180316,0.002432,0.002327
20180319,-0.012923,-0.012948
20180320,0.001347,0.001329
20180321,0.000413,0.000314
20180322,-0.023902,-0.024033
20180323,-0.019304,-0.019314
20180326,0.024253,0.024201
20180327,-0.016580,-0.016596
20180328,-0.002590,-0.002883
20180329,0.013470,0.013404
20180402,-0.021372,-0.021440
20180403,0.011525,0.011492
20180404,0.010374,0.010324
20180405,0.007421,0.007320
20180406,-0.019988,-0.020002
20180409,0.002845,0.002617
20180410,0.016419,0.016396
20180411,-0.003796,-0.003831
20180412,0.006938,0.006829
20180413,-0.003078,-0.003104
20180416,0.008010,0.007985
20180417,0.010301,0.010288
20180418,0.001625,0.001623
20180419,-0.005400,-0.005486
20180420,-0.007443,-0.007481
20180423,-0.000441,-0.000456
20180424,-0.011379,-0.011429
20180425,0.000785,0.000783
20180426,0.009039,0.009035
20180427,0.000719,0.000599
20180430,-0.007261,-0.007324
20180501,0.002197,0.002149
20180502,-0.005579,-0.005584
20180503,-0.002270,-0.002399
20180504,0.012308,0.012120
20180507,0.004136,0.004024
20180508,0.000415,0.000396
20180509,0.008624,0.008536
20180510,0.008630,0.008441
20180511,0.001546,0.001290
20180514,0.000778,0.000679
20180515,-0.005768,-0.005809
20180516,0.004821,0.004627
20180517,0.000295,0.000073
20180518,-0.002242,-0.002330
20180521,0.006999,0.006968
20180522,-0.003462,-0.003484
20180523,0.002303,0.002276
20180524,-0.001830,-0.001871
20180525,-0.002216,-0.002301
20180529,-0.009956,-0.009996
20180530,0.013115,0.012964
20180531,-0.006502,-0.006676
20180601,0.009653,0.009536
20180604,0.004536,0.004516
20180605,0.001471,0.001426
20180606,0.007980,0.007955
20180607,-0.001123,-0.001290
20180608,0.002987,0.002939
20180611,0.001517,0.001510
20180612,0.001945,0.001909
20180613,-0.003611,-0.003647
20180614,0.002643,0.002349
20180615,-0.001636,-0.001776
20180618,-0.000746,-0.000790
20180619,-0.004087,-0.004246
20180620,0.002732,0.002719
20180621,-0.006904,-0.006983
20180622,0.002273,0.002155
20180625,-0.014425,-0.014442
20180626,0.002926,0.002864
20180627,-0.009755,-0.009773
20180628,0.005635,0.005389
20180629,0.001587,0.001528
20180702,0.002188,0.002099
20180703,-0.002894,-0.002929
20180705,0.008483,0.008318
20180706,0.008401,0.008351
20180709,0.008399,0.008182
20180710,0.002294,0.002276
20180711,-0.007408,-0.007411
20180712,0.008258,0.008168
20180713,0.000722,0.000710
20180716,-0.001827,-0.001868
20180717,0.003890,0.003877
20180718,0.002469,0.002468
20180719,-0.002471,-0.002542
20180720,-0.001026,-0.001058
20180723,0.001012,0.001005
20180724,0.001983,0.001947
20180725,0.008269,0.008233
20180726,-0.001562,-0.001566
20180727,-0.007646,-0.007676
20180730,-0.005601,-0.005711
20180731,0.005557,0.005500
20180801,-0.001284,-0.001332
20180802,0.005509,0.005376
20180803,0.003274,0.003116
20180806,0.003855,0.003762
20180807,0.002252,0.002233
20180808,-0.000271,-0.000294
20180809,-0.000288,-0.000504
20180810,-0.006335,-0.006562
20180813,-0.004684,-0.004702
20180814,0.006613,0.006492
20180815,-0.009074,-0.009203
20180816,0.008017,0.007794
20180817,0.003866,0.003794
20180820,0.002830,0.002777
20180821,0.003122,0.003085
20180822,0.000730,0.000708
20180823,-0.002433,-0.002487
20180824,0.006252,0.006239
20180827,0.007150,0.007073
20180828,0.000007,-0.000373
20180829,0.005182,0.005119
20180830,-0.004449,-0.004615
20180831,0.000304,0.000202
20180904,-0.002246,-0.002346
20180905,-0.003500,-0.003516
20180906,-0.003966,-0.004193
20180907,-0.002354,-0.002423
20180910,0.002270,0.002267
20180911,0.003233,0.003186
20180912,0.000827,0.000811
20180913,0.004333,0.004066
20180914,0.000892,0.000776
20180917,-0.005977,-0.005998
20180918,0.005495,0.005446
20180919,0.000527,0.000516
20180920,0.007846,0.007808
20180921,-0.001040,-0.001119
20180924,-0.003696,-0.003749
20180925,-0.000504,-0.000567
20180926,-0.004027,-0.004166
20180927,0.002401,0.002160
20180928,0.000086,-0.000000
20181001,0.001793,0.001726
20181002,-0.002254,-0.002282
20181003,0.001618,0.001614
20181004,-0.009307,-0.009472
20181005,-0.006058,-0.006084
20181008,-0.001335,-0.001335
20181009,-0.001781,-0.001999
20181010,-0.031343,-0.031353
20181011,-0.018804,-0.018815
20181012,0.012283,0.012196
20181015,-0.003666,-0.003693
20181016,0.021471,0.021449
20181017,-0.001388,-0.001415
20181018,-0.014627,-0.014695
20181019,-0.001807,-0.001829
20181022,-0.003901,-0.003924
20181023,-0.005960,-0.006000
20181024,-0.030619,-0.030653
20181025,0.017437,0.017433
20181026,-0.015522,-0.015557
20181029,-0.007002,-0.007012
20181030,0.015592,0.015456
20181031,0.010457,0.010412
20181101,0.013003,0.012902
20181102,-0.004780,-0.004890
20181105,0.004443,0.004410
20181106,0.005705,0.005623
20181107,0.019263,0.019228
20181108,-0.002927,-0.003333
20181109,-0.009716,-0.009841
20181112,-0.018874,-0.018874
20181113,-0.001179,-0.001212
20181114,-0.006561,-0.006797
20181115,0.010791,0.010546
20181116,0.002084,0.002014
20181119,-0.016570,-0.016619
20181120,-0.017952,-0.018020
20181121,0.006210,0.006137
20181123,-0.005568,-0.005618
20181126,0.014595,0.014513
20181127,0.000524,0.000432
20181128,0.022305,0.022256
20181129,-0.001755,-0.001975
20181130,0.006820,0.006667
20181203,0.011433,0.011385
20181204,-0.031746,-0.031789
20181206,-0.001857,-0.002132
20181207,-0.021062,-0.021184
20181210,-0.000241,-0.000281
20181211,-0.000707,-0.000746
20181212,0.006327,0.006264
20181213,-0.002137,-0.002365
20181214,-0.017097,-0.017203
20181217,-0.020891,-0.021057
20181218,-0.000165,-0.000353
20181219,-0.014830,-0.014920
20181220,-0.015366,-0.015407
20181221,-0.020589,-0.020688
20181224,-0.024169,-0.024392
20181226,0.046854,0.046831
20181227,0.006828,0.006724
20181228,0.000152,-0.000128
20181231,0.008324,0.008107
20190102,0.001788,0.001783
20190103,-0.021033,-0.021219
20190104,0.033401,0.033399
20190107,0.009198,0.009191
20190108,0.010260,0.010240
20190109,0.006193,0.005952
20190110,0.004474,0.004468
20190111,-0.000150,-0.000161
20190114,-0.005467,-0.005556
20190115,0.009840,0.009812
20190116,0.003176,0.003156
20190117,0.007097,0.007029
20190118,0.012032,0.012011
20190122,-0.014154,-0.014186
20190123,0.001306,0.001263
20190124,0.002789,0.002762
20190125,0.009544,0.009511
20190128,-0.006499,-0.006500
20190129,-0.000913,-0.000924
20190130,0.014369,0.014227
20190131,0.008471,0.008282
20190201,0.001423,0.001282
20190204,0.006693,0.006648
20190205,0.004393,0.004376
20190206,-0.002534,-0.002610
20190207,-0.008811,-0.008941
20190208,0.000660,0.000396
20190211,0.001259,0.001238
20190212,0.012358,0.012305
20190213,0.002776,0.002718
20190214,-0.001424,-0.001763
20190215,0.010829,0.010757
20190219,0.002353,0.002294
20190220,0.002103,0.001967
20190221,-0.003528,-0.003598
20190222,0.006362,0.006314
20190225,0.001355,0.001260
20190226,-0.001491,-0.001514
20190227,0.000494,0.000356
20190228,-0.002827,-0.003059
20190301,0.006075,0.005966
20190304,-0.004232,-0.004261
20190305,-0.001322,-0.001349
20190306,-0.007764,-0.007799
20190307,-0.007484,-0.007671
20190308,-0.001894,-0.001992
20190311,0.014342,0.014316
20190312,0.002746,0.002711
20190313,0.006412,0.006350
20190314,-0.000989,-0.001327
20190315,0.004542,0.004445
20190318,0.004448,0.004419
20190319,-0.000673,-0.000720
20190320,-0.003145,-0.003265
20190321,0.010296,0.010215
20190322,-0.020338,-0.020391
20190325,-0.000324,-0.000409
20190326,0.007716,0.007708
20190327,-0.004688,-0.004711
20190328,0.004105,0.003823
20190329,0.006016,0.005972
20190401,0.011232,0.011159
20190402,-0.000146,-0.000180
20190403,0.002544,0.002535
20190404,0.001936,0.001776
20190405,0.005117,0.005110
20190408,0.001041,0.001025
20190409,-0.006278,-0.006506
20190410,0.004776,0.004709
20190411,-0.000123,-0.000139
20190412,0.006427,0.006341
20190415,-0.001012,-0.001043
20190416,0.000711,0.000696
20190417,-0.003056,-0.003126
20190418,0.001062,0.001043
20190422,0.000553,0.000526
20190423,0.008911,0.008830
20190424,-0.002062,-0.002096
20190425,-0.001467,-0.001475
20190426,0.005369,0.005325
20190429,0.001456,0.001373
20190430,0.000375,0.000314
20190501,-0.007549,-0.007596
20190502,-0.001679,-0.001748
20190503,0.010898,0.010805
20190506,-0.003813,-0.003971
20190507,-0.016131,-0.016155
20190508,-0.001611,-0.001653
20190509,-0.002757,-0.003028
20190510,0.004054,0.003795
20190513,-0.024465,-0.024509
20190514,0.008963,0.008823
20190515,0.005729,0.005591
20190516,0.008467,0.008251
20190517,-0.006769,-0.006858
20190520,-0.006480,-0.006567
20190521,0.008933,0.008910
20190522,-0.003792,-0.003814
20190523,-0.012676,-0.012783
20190524,0.002765,0.002657
20190528,-0.007502,-0.007520
20190529,-0.006897,-0.006918
20190530,0.001396,0.001256
20190531,-0.011719,-0.011878
20190603,-0.002141,-0.002217
20190604,0.020884,0.020846
20190605,0.006489,0.006402
20190606,0.005142,0.004934
20190607,0.009673,0.009588
20190610,0.004791,0.004783
20190611,-0.000591,-0.000633
20190612,-0.001888,-0.001915
20190613,0.004877,0.004579
20190614,-0.002711,-0.002818
20190617,0.001585,0.001303
20190618,0.009984,0.009941
20190619,0.003740,0.003732
20190620,0.008789,0.008719
20190621,-0.002476,-0.002599
20190624,-0.002901,-0.002943
20190625,-0.008980,-0.008988
20190626,-0.001043,-0.001062
20190627,0.005847,0.005561
20190628,0.006655,0.006597
20190701,0.006665,0.006612
20190702,0.002022,0.001988
20190703,0.007698,0.007527
20190705,-0.001130,-0.001200
20190708,-0.005361,-0.005374
20190709,0.001770,0.001550
20190710,0.004058,0.004047
20190711,0.001253,0.001240
20190712,0.004667,0.004590
20190715,-0.000159,-0.000165
20190716,-0.002950,-0.002980
20190717,-0.005588,-0.005601
20190718,0.003360,0.003286
20190719,-0.005617,-0.005648
20190722,0.002287,0.002265
20190723,0.006246,0.006228
20190724,0.006000,0.005941
20190725,-0.006385,-0.006395
20190726,0.007307,0.007277
20190729,-0.002669,-0.002673
20190730,-0.001285,-0.001424
20190731,-0.009980,-0.010020
20190801,-0.009198,-0.009321
20190802,-0.007793,-0.007891
20190805,-0.028422,-0.028490
20190806,0.011905,0.011837
20190807,0.001295,0.001263
20190808,0.018530,0.018294
20190809,-0.007181,-0.007314
20190812,-0.012015,-0.012145
20190813,0.013319,0.013288
20190814,-0.027821,-0.028069
20190815,0.001781,0.001597
20190816,0.014884,0.014762
20190819,0.010676,0.010602
20190820,-0.006748,-0.006810
20190821,0.007929,0.007888
20190822,-0.001017,-0.001054
20190823,-0.024252,-0.024262
20190826,0.009980,0.009895
20190827,-0.003852,-0.003866
20190828,0.006325,0.006299
20190829,0.012552,0.012391
20190830,0.000644,0.000535
20190903,-0.007198,-0.007327
20190904,0.010732,0.010668
20190905,0.012374,0.012190
20190906,0.000269,0.000226
20190909,0.000587,0.000520
20190910,0.001209,0.001183
20190911,0.008116,0.008071
20190912,0.002397,0.002248
20190913,-0.000404,-0.000642
20190916,-0.001255,-0.001318
20190917,0.002175,0.002149
20190918,-0.000723,-0.000734
20190919,-0.000147,-0.000197
20190920,-0.004083,-0.004186
20190923,-0.000092,-0.000114
20190924,-0.009177,-0.009389
20190925,0.005656,0.005633
20190926,-0.003066,-0.003164
20190927,-0.005692,-0.005904
20190930,0.004454,0.004387
20191001,-0.012525,-0.012601
20191002,-0.016119,-0.016134
20191003,0.007634,0.007460
20191004,0.012659,0.012642
20191007,-0.003918,-0.003923
20191008,-0.015069,-0.015089
20191009,0.008365,0.008120
20191010,0.005618,0.005591
20191011,0.011389,0.011307
20191014,-0.001613,-0.001613
20191015,0.009109,0.009105
20191016,-0.001894,-0.001941
20191017,0.003689,0.003632
20191018,-0.003716,-0.003737
20191021,0.006669,0.006643
20191022,-0.003281,-0.003310
20191023,0.002360,0.002302
20191024,0.002342,0.002331
20191025,0.004067,0.004044
20191028,0.005234,0.005233
20191029,-0.000570,-0.000580
20191030,0.002786,0.002667
20191031,-0.003470,-0.003583
20191101,0.010204,0.010064
20191104,0.003748,0.003705
20191105,-0.001073,-0.001083
20191106,-0.000322,-0.000398
20191107,0.002851,0.002497
20191108,0.002643,0.002511
20191111,-0.001634,-0.001634
20191112,0.001144,0.001096
20191113,0.000334,0.000297
20191114,0.000990,0.000733
20191115,0.007065,0.006928
20191118,0.000151,0.000109
20191119,0.000029,-0.000032
20191120,-0.002958,-0.003095
20191121,-0.001706,-0.001769
20191122,0.002009,0.001995
20191125,0.008548,0.008461
20191126,0.002221,0.002192
20191127,0.004316,0.004190
20191129,-0.004045,-0.004220
20191202,-0.008547,-0.008632
20191203,-0.005630,-0.005661
20191204,0.006024,0.005950
20191205,0.001100,0.000879
20191206,0.008425,0.008382
20191209,-0.002699,-0.002762
20191210,-0.000700,-0.000744
20191211,0.002734,0.002709
20191212,0.007850,0.007662
20191213,0.000031,-0.000146
20191216,0.007071,0.006800
20191217,0.000533,0.000520
20191218,0.000231,0.000145
20191219,0.004187,0.004108
20191220,0.004540,0.004422
20191223,0.000951,0.000796
20191224,0.000379,0.000268
20191226,0.004618,0.004530
20191227,-0.000643,-0.000714
20191230,-0.005108,-0.005336
20191231,0.002965,0.002909
